model,rmse,r2,runtime,best_epoch_or_ntrees
lightgbm,5.528962585720517,0.8232076375772872,6.525876998901367,687.0
tabmlp,5.908497677811653,0.7981027729232862,250.47676179701824,43.0
tabtransformer,5.925587279401037,0.7969331581726582,533.3908161302893,27.0
tabresnet,6.213813277990089,0.7766979996856443,70.4660890724348,9.0
tabnet,6.428503471473826,0.7610010563496212,935.0204834578789,59.0
